,year,city,country,avg_temp,moving_average
8547,1832,Belo Horizonte,Brazil,20.31,
8548,1833,Belo Horizonte,Brazil,21.29,
8549,1834,Belo Horizonte,Brazil,20.58,
8550,1835,Belo Horizonte,Brazil,19.99,
8551,1836,Belo Horizonte,Brazil,20.21,
8552,1837,Belo Horizonte,Brazil,19.65,
8553,1838,Belo Horizonte,Brazil,20.09,
8554,1839,Belo Horizonte,Brazil,19.89,
8555,1840,Belo Horizonte,Brazil,20.57,
8556,1841,Belo Horizonte,Brazil,20.26,20.284
8557,1842,Belo Horizonte,Brazil,20.69,20.321999999999996
8558,1843,Belo Horizonte,Brazil,20.83,20.275999999999996
8566,1851,Belo Horizonte,Brazil,20.8,20.297999999999995
8567,1852,Belo Horizonte,Brazil,20.96,20.394999999999996
8568,1853,Belo Horizonte,Brazil,20.98,20.471999999999994
8569,1854,Belo Horizonte,Brazil,21.06,20.612999999999992
8570,1855,Belo Horizonte,Brazil,21.1,20.71399999999999
8571,1856,Belo Horizonte,Brazil,20.14,20.738999999999994
8572,1857,Belo Horizonte,Brazil,20.62,20.743999999999993
8573,1858,Belo Horizonte,Brazil,19.79,20.696999999999996
8574,1859,Belo Horizonte,Brazil,20.43,20.670999999999996
8575,1860,Belo Horizonte,Brazil,21.13,20.700999999999993
8576,1861,Belo Horizonte,Brazil,20.34,20.654999999999994
8577,1862,Belo Horizonte,Brazil,20.3,20.58899999999999
8578,1863,Belo Horizonte,Brazil,20.33,20.523999999999994
8579,1864,Belo Horizonte,Brazil,20.33,20.450999999999993
8580,1865,Belo Horizonte,Brazil,20.24,20.364999999999995
8581,1866,Belo Horizonte,Brazil,20.44,20.394999999999992
8582,1867,Belo Horizonte,Brazil,20.61,20.393999999999995
8583,1868,Belo Horizonte,Brazil,21.46,20.560999999999996
8584,1869,Belo Horizonte,Brazil,21.4,20.657999999999994
8585,1870,Belo Horizonte,Brazil,21.38,20.682999999999996
8586,1871,Belo Horizonte,Brazil,21.07,20.755999999999993
8587,1872,Belo Horizonte,Brazil,21.0,20.825999999999993
8588,1873,Belo Horizonte,Brazil,21.22,20.914999999999992
8589,1874,Belo Horizonte,Brazil,20.58,20.93999999999999
8590,1875,Belo Horizonte,Brazil,20.14,20.92999999999999
8591,1876,Belo Horizonte,Brazil,20.39,20.92499999999999
8592,1877,Belo Horizonte,Brazil,21.13,20.976999999999986
8593,1878,Belo Horizonte,Brazil,21.55,20.985999999999986
8594,1879,Belo Horizonte,Brazil,20.2,20.865999999999985
8595,1880,Belo Horizonte,Brazil,21.18,20.845999999999986
8596,1881,Belo Horizonte,Brazil,20.61,20.79999999999999
8597,1882,Belo Horizonte,Brazil,20.05,20.70499999999999
8598,1883,Belo Horizonte,Brazil,20.29,20.611999999999988
8599,1884,Belo Horizonte,Brazil,20.17,20.57099999999999
8600,1885,Belo Horizonte,Brazil,21.05,20.661999999999995
8601,1886,Belo Horizonte,Brazil,20.31,20.653999999999996
8602,1887,Belo Horizonte,Brazil,20.8,20.621
8603,1888,Belo Horizonte,Brazil,21.17,20.583
8604,1889,Belo Horizonte,Brazil,21.4,20.703
8605,1890,Belo Horizonte,Brazil,20.63,20.648
8606,1891,Belo Horizonte,Brazil,20.83,20.669999999999998
8607,1892,Belo Horizonte,Brazil,20.62,20.726999999999997
8608,1893,Belo Horizonte,Brazil,20.01,20.698999999999998
8609,1894,Belo Horizonte,Brazil,20.89,20.770999999999997
8610,1895,Belo Horizonte,Brazil,20.67,20.732999999999997
8611,1896,Belo Horizonte,Brazil,20.7,20.772
8612,1897,Belo Horizonte,Brazil,20.65,20.756999999999998
8613,1898,Belo Horizonte,Brazil,20.9,20.729999999999997
8614,1899,Belo Horizonte,Brazil,21.17,20.706999999999997
8615,1900,Belo Horizonte,Brazil,20.94,20.737999999999996
8616,1901,Belo Horizonte,Brazil,20.74,20.728999999999996
8617,1902,Belo Horizonte,Brazil,21.24,20.790999999999997
8618,1903,Belo Horizonte,Brazil,21.0,20.889999999999997
8619,1904,Belo Horizonte,Brazil,20.03,20.803999999999995
8620,1905,Belo Horizonte,Brazil,21.29,20.865999999999996
8621,1906,Belo Horizonte,Brazil,20.93,20.889
8622,1907,Belo Horizonte,Brazil,20.63,20.886999999999997
8623,1908,Belo Horizonte,Brazil,20.95,20.891999999999996
8624,1909,Belo Horizonte,Brazil,20.56,20.830999999999996
8625,1910,Belo Horizonte,Brazil,20.81,20.817999999999994
8626,1911,Belo Horizonte,Brazil,20.7,20.813999999999993
8627,1912,Belo Horizonte,Brazil,20.73,20.76299999999999
8628,1913,Belo Horizonte,Brazil,21.04,20.76699999999999
8629,1914,Belo Horizonte,Brazil,21.46,20.90999999999999
8630,1915,Belo Horizonte,Brazil,21.46,20.926999999999992
8631,1916,Belo Horizonte,Brazil,20.83,20.91699999999999
8632,1917,Belo Horizonte,Brazil,20.02,20.85599999999999
8633,1918,Belo Horizonte,Brazil,20.52,20.812999999999995
8634,1919,Belo Horizonte,Brazil,20.91,20.847999999999992
8635,1920,Belo Horizonte,Brazil,20.79,20.845999999999993
8636,1921,Belo Horizonte,Brazil,20.65,20.840999999999994
8637,1922,Belo Horizonte,Brazil,21.15,20.882999999999996
8638,1923,Belo Horizonte,Brazil,20.79,20.857999999999997
8639,1924,Belo Horizonte,Brazil,20.7,20.781999999999993
8640,1925,Belo Horizonte,Brazil,20.77,20.712999999999994
8641,1926,Belo Horizonte,Brazil,21.05,20.734999999999996
8642,1927,Belo Horizonte,Brazil,21.13,20.845999999999997
8643,1928,Belo Horizonte,Brazil,21.43,20.936999999999994
8644,1929,Belo Horizonte,Brazil,21.12,20.957999999999995
8645,1930,Belo Horizonte,Brazil,21.27,21.005999999999997
8646,1931,Belo Horizonte,Brazil,20.99,21.04
8647,1932,Belo Horizonte,Brazil,21.54,21.078999999999997
8648,1933,Belo Horizonte,Brazil,20.48,21.047999999999995
8649,1934,Belo Horizonte,Brazil,21.11,21.089
8650,1935,Belo Horizonte,Brazil,21.27,21.139
8651,1936,Belo Horizonte,Brazil,21.37,21.171
8652,1937,Belo Horizonte,Brazil,21.04,21.162
8653,1938,Belo Horizonte,Brazil,21.26,21.144999999999996
8654,1939,Belo Horizonte,Brazil,21.39,21.171999999999997
8655,1940,Belo Horizonte,Brazil,21.47,21.191999999999997
8656,1941,Belo Horizonte,Brazil,21.49,21.241999999999997
8657,1942,Belo Horizonte,Brazil,21.16,21.203999999999997
8658,1943,Belo Horizonte,Brazil,20.74,21.229999999999997
8659,1944,Belo Horizonte,Brazil,21.1,21.228999999999996
8660,1945,Belo Horizonte,Brazil,20.77,21.178999999999995
8661,1946,Belo Horizonte,Brazil,21.55,21.196999999999996
8662,1947,Belo Horizonte,Brazil,20.84,21.177
8663,1948,Belo Horizonte,Brazil,21.14,21.165
8664,1949,Belo Horizonte,Brazil,20.73,21.098999999999997
8665,1950,Belo Horizonte,Brazil,21.11,21.062999999999995
8666,1951,Belo Horizonte,Brazil,21.13,21.026999999999994
8667,1952,Belo Horizonte,Brazil,21.14,21.025
8668,1953,Belo Horizonte,Brazil,21.17,21.067999999999994
8669,1954,Belo Horizonte,Brazil,21.65,21.122999999999998
8670,1955,Belo Horizonte,Brazil,20.95,21.140999999999995
8671,1956,Belo Horizonte,Brazil,20.67,21.05299999999999
8672,1957,Belo Horizonte,Brazil,20.96,21.06499999999999
8673,1958,Belo Horizonte,Brazil,21.49,21.099999999999994
8674,1959,Belo Horizonte,Brazil,21.9,21.216999999999995
8675,1960,Belo Horizonte,Brazil,21.03,21.208999999999996
8676,1961,Belo Horizonte,Brazil,21.69,21.264999999999997
8677,1962,Belo Horizonte,Brazil,20.74,21.225
8678,1963,Belo Horizonte,Brazil,21.95,21.302999999999997
8679,1964,Belo Horizonte,Brazil,20.73,21.210999999999995
8680,1965,Belo Horizonte,Brazil,21.32,21.247999999999998
8681,1966,Belo Horizonte,Brazil,21.41,21.321999999999996
8682,1967,Belo Horizonte,Brazil,21.53,21.378999999999998
8683,1968,Belo Horizonte,Brazil,20.51,21.280999999999995
8684,1969,Belo Horizonte,Brazil,21.66,21.256999999999994
8685,1970,Belo Horizonte,Brazil,21.43,21.296999999999993
8686,1971,Belo Horizonte,Brazil,21.02,21.229999999999997
8687,1972,Belo Horizonte,Brazil,21.61,21.316999999999997
8688,1973,Belo Horizonte,Brazil,21.87,21.308999999999997
8689,1974,Belo Horizonte,Brazil,21.14,21.349999999999998
8690,1975,Belo Horizonte,Brazil,20.93,21.311
8691,1976,Belo Horizonte,Brazil,21.07,21.276999999999997
8692,1977,Belo Horizonte,Brazil,21.68,21.291999999999998
8693,1978,Belo Horizonte,Brazil,20.94,21.335
8694,1979,Belo Horizonte,Brazil,20.87,21.256
8695,1980,Belo Horizonte,Brazil,21.63,21.276
8696,1981,Belo Horizonte,Brazil,21.19,21.293
8697,1982,Belo Horizonte,Brazil,21.5,21.282
8698,1983,Belo Horizonte,Brazil,21.48,21.243
8699,1984,Belo Horizonte,Brazil,22.14,21.343
8700,1985,Belo Horizonte,Brazil,21.39,21.389
8701,1986,Belo Horizonte,Brazil,21.84,21.466
8702,1987,Belo Horizonte,Brazil,22.05,21.503
8703,1988,Belo Horizonte,Brazil,21.63,21.572
8704,1989,Belo Horizonte,Brazil,21.13,21.598
8705,1990,Belo Horizonte,Brazil,21.88,21.622999999999998
8706,1991,Belo Horizonte,Brazil,21.43,21.647
8707,1992,Belo Horizonte,Brazil,21.35,21.631999999999998
8708,1993,Belo Horizonte,Brazil,21.94,21.678
8709,1994,Belo Horizonte,Brazil,21.91,21.655
8710,1995,Belo Horizonte,Brazil,22.07,21.723000000000003
8711,1996,Belo Horizonte,Brazil,21.56,21.695
8712,1997,Belo Horizonte,Brazil,21.91,21.681
8713,1998,Belo Horizonte,Brazil,22.35,21.753
8714,1999,Belo Horizonte,Brazil,21.59,21.799
8715,2000,Belo Horizonte,Brazil,21.69,21.78
8716,2001,Belo Horizonte,Brazil,22.14,21.851
8717,2002,Belo Horizonte,Brazil,22.5,21.966
8718,2003,Belo Horizonte,Brazil,22.08,21.98
8719,2004,Belo Horizonte,Brazil,21.59,21.948
8720,2005,Belo Horizonte,Brazil,22.05,21.946000000000005
8721,2006,Belo Horizonte,Brazil,21.82,21.972
8722,2007,Belo Horizonte,Brazil,22.19,22.000000000000004
8723,2008,Belo Horizonte,Brazil,21.86,21.951
8724,2009,Belo Horizonte,Brazil,22.25,22.017000000000003
8725,2010,Belo Horizonte,Brazil,22.12,22.060000000000002
8726,2011,Belo Horizonte,Brazil,21.74,22.020000000000003
8727,2012,Belo Horizonte,Brazil,22.16,21.986000000000004
8728,2013,Belo Horizonte,Brazil,21.59,21.937000000000005
35914,1743,London,Canada,2.77,
35915,1744,London,Canada,10.19,
35916,1745,London,Canada,-1.12,
35921,1750,London,Canada,8.34,
35922,1751,London,Canada,8.84,
35923,1752,London,Canada,1.64,
35924,1753,London,Canada,7.87,
35925,1754,London,Canada,8.15,
35926,1755,London,Canada,5.12,
35927,1756,London,Canada,8.59,6.039
35928,1757,London,Canada,7.29,6.491000000000001
35929,1758,London,Canada,6.47,6.1190000000000015
35930,1759,London,Canada,7.39,6.9700000000000015
35931,1760,London,Canada,5.97,6.733000000000001
35932,1761,London,Canada,8.36,6.6850000000000005
35933,1762,London,Canada,7.85,7.306
35934,1763,London,Canada,5.54,7.073
35935,1764,London,Canada,8.03,7.061
35936,1765,London,Canada,7.37,7.286
35937,1766,London,Canada,8.38,7.264999999999999
35938,1767,London,Canada,6.97,7.232999999999999
35939,1768,London,Canada,6.89,7.274999999999999
35940,1769,London,Canada,7.54,7.289999999999999
35941,1770,London,Canada,7.44,7.436999999999999
35942,1771,London,Canada,8.41,7.441999999999998
35943,1772,London,Canada,8.05,7.461999999999999
35944,1773,London,Canada,8.34,7.741999999999999
35945,1774,London,Canada,7.86,7.724999999999999
35946,1775,London,Canada,8.73,7.860999999999999
35947,1776,London,Canada,7.84,7.8069999999999995
35948,1777,London,Canada,7.32,7.841999999999999
35949,1778,London,Canada,5.54,7.706999999999999
35950,1779,London,Canada,8.25,7.777999999999999
35951,1780,London,Canada,10.54,8.088
35952,1781,London,Canada,8.07,8.053999999999998
35953,1782,London,Canada,7.51,8.0
35954,1783,London,Canada,7.22,7.888
35955,1784,London,Canada,7.0,7.802
35956,1785,London,Canada,6.94,7.622999999999999
35957,1786,London,Canada,7.46,7.584999999999998
35958,1787,London,Canada,7.47,7.599999999999997
35959,1788,London,Canada,8.12,7.857999999999997
35960,1789,London,Canada,7.82,7.814999999999998
35961,1790,London,Canada,7.75,7.535999999999999
35962,1791,London,Canada,7.84,7.513
35963,1792,London,Canada,7.26,7.4879999999999995
35964,1793,London,Canada,8.13,7.578999999999999
35965,1794,London,Canada,8.16,7.6949999999999985
35966,1795,London,Canada,7.71,7.7719999999999985
35967,1796,London,Canada,7.56,7.781999999999999
35968,1797,London,Canada,7.33,7.767999999999999
35969,1798,London,Canada,8.18,7.773999999999998
35970,1799,London,Canada,7.76,7.767999999999998
35971,1800,London,Canada,7.92,7.784999999999998
35972,1801,London,Canada,8.31,7.831999999999998
35973,1802,London,Canada,8.56,7.961999999999998
35974,1803,London,Canada,8.37,7.985999999999999
35975,1804,London,Canada,8.15,7.984999999999999
35976,1805,London,Canada,8.62,8.076
35977,1806,London,Canada,7.82,8.102
35978,1807,London,Canada,7.61,8.13
35979,1808,London,Canada,7.79,8.091000000000003
35980,1809,London,Canada,7.03,8.018000000000002
35981,1810,London,Canada,7.37,7.963000000000003
35982,1811,London,Canada,7.49,7.881000000000002
35983,1812,London,Canada,6.13,7.638000000000001
35984,1813,London,Canada,7.41,7.542
35985,1814,London,Canada,7.24,7.450999999999999
35986,1815,London,Canada,6.65,7.254
35987,1816,London,Canada,6.16,7.087999999999999
35988,1817,London,Canada,6.25,6.952
35989,1818,London,Canada,6.9,6.8629999999999995
35990,1819,London,Canada,7.21,6.8809999999999985
35991,1820,London,Canada,7.22,6.865999999999998
35992,1821,London,Canada,6.91,6.807999999999998
35993,1822,London,Canada,7.88,6.982999999999999
35994,1823,London,Canada,7.11,6.9529999999999985
35995,1824,London,Canada,7.55,6.983999999999999
35996,1825,London,Canada,8.59,7.177999999999999
35997,1826,London,Canada,8.37,7.398999999999999
35998,1827,London,Canada,8.21,7.594999999999999
35999,1828,London,Canada,9.08,7.812999999999998
36000,1829,London,Canada,7.63,7.854999999999999
36001,1830,London,Canada,8.47,7.979999999999999
36002,1831,London,Canada,7.0,7.988999999999999
36003,1832,London,Canada,8.07,8.008
36004,1833,London,Canada,8.06,8.102999999999998
36005,1834,London,Canada,8.36,8.184
36006,1835,London,Canada,7.43,8.067999999999998
36007,1836,London,Canada,6.42,7.8729999999999976
36008,1837,London,Canada,7.16,7.767999999999998
36009,1838,London,Canada,6.71,7.530999999999997
36010,1839,London,Canada,7.74,7.541999999999997
36011,1840,London,Canada,8.05,7.499999999999997
36012,1841,London,Canada,7.46,7.545999999999997
36013,1842,London,Canada,7.97,7.535999999999996
36014,1843,London,Canada,7.0,7.429999999999995
36015,1844,London,Canada,8.13,7.406999999999995
36016,1845,London,Canada,8.17,7.4809999999999945
36017,1846,London,Canada,8.58,7.696999999999994
36018,1847,London,Canada,7.28,7.708999999999994
36019,1848,London,Canada,7.86,7.823999999999995
36020,1849,London,Canada,7.43,7.792999999999997
36021,1850,London,Canada,7.65,7.7529999999999974
36022,1851,London,Canada,7.73,7.7799999999999985
36023,1852,London,Canada,7.46,7.728999999999997
36024,1853,London,Canada,8.05,7.833999999999998
36025,1854,London,Canada,8.31,7.8519999999999985
36026,1855,London,Canada,7.39,7.773999999999998
36027,1856,London,Canada,6.35,7.5509999999999975
36028,1857,London,Canada,6.74,7.496999999999997
36029,1858,London,Canada,8.16,7.526999999999997
36030,1859,London,Canada,7.8,7.563999999999996
36031,1860,London,Canada,7.72,7.570999999999995
36032,1861,London,Canada,7.69,7.566999999999995
36033,1862,London,Canada,7.48,7.5689999999999955
36034,1863,London,Canada,7.51,7.514999999999996
36035,1864,London,Canada,7.46,7.429999999999995
36036,1865,London,Canada,7.89,7.479999999999995
36037,1866,London,Canada,6.93,7.537999999999997
36038,1867,London,Canada,7.17,7.580999999999998
36039,1868,London,Canada,6.68,7.432999999999998
36040,1869,London,Canada,6.81,7.333999999999999
36041,1870,London,Canada,8.33,7.394999999999999
36042,1871,London,Canada,7.56,7.382
36043,1872,London,Canada,6.78,7.311999999999999
36044,1873,London,Canada,6.92,7.252999999999998
36045,1874,London,Canada,7.84,7.2909999999999995
36046,1875,London,Canada,5.69,7.071
36047,1876,London,Canada,7.48,7.1259999999999994
36048,1877,London,Canada,8.48,7.257
36049,1878,London,Canada,8.94,7.482999999999999
36050,1879,London,Canada,7.68,7.5699999999999985
36051,1880,London,Canada,8.45,7.581999999999999
36052,1881,London,Canada,8.45,7.670999999999999
36053,1882,London,Canada,8.06,7.7989999999999995
36054,1883,London,Canada,6.5,7.757
36055,1884,London,Canada,7.46,7.7189999999999985
36056,1885,London,Canada,6.04,7.754
36057,1886,London,Canada,7.25,7.730999999999999
36058,1887,London,Canada,7.59,7.641999999999999
36059,1888,London,Canada,6.68,7.4159999999999995
36060,1889,London,Canada,7.97,7.4449999999999985
36061,1890,London,Canada,8.06,7.405999999999999
36062,1891,London,Canada,8.3,7.390999999999998
36063,1892,London,Canada,7.43,7.327999999999998
36064,1893,London,Canada,7.01,7.378999999999998
36065,1894,London,Canada,8.65,7.497999999999999
36066,1895,London,Canada,7.08,7.6019999999999985
36067,1896,London,Canada,7.99,7.6759999999999975
36068,1897,London,Canada,7.95,7.711999999999998
36069,1898,London,Canada,8.66,7.909999999999997
36070,1899,London,Canada,8.04,7.916999999999996
36071,1900,London,Canada,8.53,7.963999999999996
36072,1901,London,Canada,7.67,7.900999999999996
36073,1902,London,Canada,7.76,7.9339999999999975
36074,1903,London,Canada,7.74,8.006999999999996
36075,1904,London,Canada,6.22,7.763999999999996
36076,1905,London,Canada,7.34,7.7899999999999965
36077,1906,London,Canada,8.38,7.828999999999996
36078,1907,London,Canada,6.92,7.725999999999996
36079,1908,London,Canada,8.3,7.689999999999996
36080,1909,London,Canada,7.92,7.677999999999997
36081,1910,London,Canada,7.73,7.597999999999997
36082,1911,London,Canada,8.62,7.692999999999998
36083,1912,London,Canada,7.01,7.617999999999998
36084,1913,London,Canada,8.59,7.7029999999999985
36085,1914,London,Canada,7.65,7.845999999999999
36086,1915,London,Canada,7.85,7.8969999999999985
36087,1916,London,Canada,7.75,7.833999999999999
36088,1917,London,Canada,5.96,7.737999999999998
36089,1918,London,Canada,7.8,7.687999999999998
36090,1919,London,Canada,8.66,7.761999999999998
36091,1920,London,Canada,7.43,7.7319999999999975
36092,1921,London,Canada,9.75,7.844999999999997
36093,1922,London,Canada,8.62,8.005999999999997
36094,1923,London,Canada,7.74,7.920999999999997
36095,1924,London,Canada,6.79,7.834999999999996
36096,1925,London,Canada,7.7,7.819999999999998
36097,1926,London,Canada,6.77,7.721999999999997
36098,1927,London,Canada,8.27,7.952999999999998
36099,1928,London,Canada,7.97,7.969999999999997
36100,1929,London,Canada,7.6,7.863999999999997
36101,1930,London,Canada,8.45,7.965999999999997
36102,1931,London,Canada,9.59,7.9499999999999975
36103,1932,London,Canada,8.66,7.953999999999996
36104,1933,London,Canada,8.93,8.072999999999997
36105,1934,London,Canada,7.9,8.183999999999997
36106,1935,London,Canada,7.72,8.185999999999996
36107,1936,London,Canada,7.82,8.290999999999999
36108,1937,London,Canada,8.15,8.279
36109,1938,London,Canada,8.96,8.378
36110,1939,London,Canada,8.58,8.476
36111,1940,London,Canada,7.16,8.347
36112,1941,London,Canada,9.0,8.288
36113,1942,London,Canada,8.33,8.254999999999999
36114,1943,London,Canada,7.51,8.113
36115,1944,London,Canada,8.5,8.172999999999998
36116,1945,London,Canada,7.91,8.191999999999998
36117,1946,London,Canada,9.07,8.316999999999998
36118,1947,London,Canada,8.21,8.322999999999999
36119,1948,London,Canada,8.27,8.254
36120,1949,London,Canada,9.52,8.347999999999999
36121,1950,London,Canada,7.67,8.399
36122,1951,London,Canada,8.15,8.314
36123,1952,London,Canada,8.94,8.375
36124,1953,London,Canada,9.39,8.562999999999999
36125,1954,London,Canada,8.55,8.568
36126,1955,London,Canada,9.06,8.683
36127,1956,London,Canada,8.12,8.588
36128,1957,London,Canada,8.41,8.607999999999999
36129,1958,London,Canada,7.6,8.540999999999999
36130,1959,London,Canada,8.66,8.454999999999998
36131,1960,London,Canada,7.92,8.479999999999999
36132,1961,London,Canada,8.41,8.505999999999997
36133,1962,London,Canada,7.88,8.399999999999997
36134,1963,London,Canada,7.46,8.206999999999997
36135,1964,London,Canada,8.5,8.201999999999996
36136,1965,London,Canada,7.9,8.085999999999997
36137,1966,London,Canada,7.93,8.066999999999997
36138,1967,London,Canada,7.84,8.009999999999996
36139,1968,London,Canada,8.11,8.060999999999996
36140,1969,London,Canada,8.11,8.005999999999997
36141,1970,London,Canada,8.29,8.042999999999996
36142,1971,London,Canada,8.52,8.053999999999997
36143,1972,London,Canada,7.55,8.020999999999997
36144,1973,London,Canada,9.3,8.204999999999997
36145,1974,London,Canada,8.09,8.163999999999998
36146,1975,London,Canada,8.8,8.253999999999996
36147,1976,London,Canada,7.51,8.211999999999998
36148,1977,London,Canada,8.17,8.244999999999997
36149,1978,London,Canada,7.2,8.153999999999998
36150,1979,London,Canada,7.75,8.117999999999999
36151,1980,London,Canada,7.61,8.049999999999997
36152,1981,London,Canada,8.12,8.009999999999998
36153,1982,London,Canada,8.13,8.067999999999998
36154,1983,London,Canada,8.81,8.018999999999998
36155,1984,London,Canada,8.37,8.046999999999999
36156,1985,London,Canada,8.37,8.004
36157,1986,London,Canada,8.59,8.111999999999998
36158,1987,London,Canada,9.35,8.229999999999999
36159,1988,London,Canada,8.58,8.367999999999999
36160,1989,London,Canada,7.84,8.376999999999999
36161,1990,London,Canada,9.48,8.563999999999998
36162,1991,London,Canada,9.72,8.723999999999998
36163,1992,London,Canada,8.05,8.715999999999998
36164,1993,London,Canada,8.11,8.645999999999997
36165,1994,London,Canada,8.11,8.619999999999997
36166,1995,London,Canada,8.52,8.634999999999996
36167,1996,London,Canada,7.85,8.560999999999996
36168,1997,London,Canada,8.09,8.434999999999997
36169,1998,London,Canada,10.6,8.636999999999997
36170,1999,London,Canada,9.53,8.805999999999996
36171,2000,London,Canada,8.67,8.724999999999996
36172,2001,London,Canada,9.63,8.715999999999996
36173,2002,London,Canada,9.45,8.855999999999996
36174,2003,London,Canada,8.12,8.856999999999996
36175,2004,London,Canada,8.63,8.908999999999995
36176,2005,London,Canada,9.05,8.961999999999996
36177,2006,London,Canada,9.83,9.159999999999997
36178,2007,London,Canada,9.14,9.264999999999997
36179,2008,London,Canada,8.61,9.065999999999997
36180,2009,London,Canada,8.38,8.950999999999997
36181,2010,London,Canada,9.47,9.030999999999995
36182,2011,London,Canada,9.32,8.999999999999996
36183,2012,London,Canada,10.51,9.105999999999998
36184,2013,London,Canada,10.11,9.304999999999996
36185,1743,London,United Kingdom,7.54,9.195999999999998
36186,1744,London,United Kingdom,10.34,9.325
36187,1745,London,United Kingdom,4.13,8.754999999999999
36192,1750,London,United Kingdom,10.25,8.865999999999998
36193,1751,London,United Kingdom,9.99,9.003999999999998
36194,1752,London,United Kingdom,6.54,8.819999999999999
36195,1753,London,United Kingdom,9.42,8.815
36196,1754,London,United Kingdom,9.2,8.803
36197,1755,London,United Kingdom,8.95,8.647
36198,1756,London,United Kingdom,9.42,8.578
36199,1757,London,United Kingdom,9.34,8.758
36200,1758,London,United Kingdom,8.85,8.608999999999998
36201,1759,London,United Kingdom,9.8,9.175999999999998
36202,1760,London,United Kingdom,9.26,9.077
36203,1761,London,United Kingdom,9.69,9.047
36204,1762,London,United Kingdom,8.99,9.291999999999998
36205,1763,London,United Kingdom,8.75,9.224999999999998
36206,1764,London,United Kingdom,9.14,9.218999999999998
36207,1765,London,United Kingdom,8.95,9.218999999999998
36208,1766,London,United Kingdom,9.07,9.184
36209,1767,London,United Kingdom,8.98,9.148
36210,1768,London,United Kingdom,9.12,9.175
36211,1769,London,United Kingdom,9.04,9.099
36212,1770,London,United Kingdom,9.03,9.075999999999999
36213,1771,London,United Kingdom,8.78,8.985
36214,1772,London,United Kingdom,9.36,9.022
36215,1773,London,United Kingdom,9.33,9.08
36216,1774,London,United Kingdom,9.1,9.075999999999999
36217,1775,London,United Kingdom,10.1,9.190999999999999
36218,1776,London,United Kingdom,9.21,9.204999999999998
36219,1777,London,United Kingdom,9.25,9.231999999999998
36220,1778,London,United Kingdom,9.8,9.299999999999997
36221,1779,London,United Kingdom,10.76,9.471999999999998
36222,1780,London,United Kingdom,9.67,9.535999999999998
36223,1781,London,United Kingdom,10.41,9.698999999999996
36224,1782,London,United Kingdom,8.44,9.606999999999996
36225,1783,London,United Kingdom,9.97,9.670999999999996
36226,1784,London,United Kingdom,8.29,9.589999999999998
36227,1785,London,United Kingdom,8.54,9.433999999999997
36228,1786,London,United Kingdom,8.35,9.347999999999995
36229,1787,London,United Kingdom,9.53,9.375999999999996
36230,1788,London,United Kingdom,9.39,9.334999999999997
36231,1789,London,United Kingdom,9.12,9.170999999999996
36232,1790,London,United Kingdom,9.67,9.170999999999996
36233,1791,London,United Kingdom,9.59,9.088999999999997
36234,1792,London,United Kingdom,9.56,9.200999999999997
36235,1793,London,United Kingdom,9.59,9.162999999999998
36236,1794,London,United Kingdom,10.0,9.333999999999998
36237,1795,London,United Kingdom,9.19,9.398999999999997
36238,1796,London,United Kingdom,9.5,9.514
36239,1797,London,United Kingdom,9.62,9.523
36240,1798,London,United Kingdom,9.83,9.566999999999998
36241,1799,London,United Kingdom,7.94,9.448999999999998
36242,1800,London,United Kingdom,9.32,9.413999999999998
36243,1801,London,United Kingdom,9.68,9.422999999999996
36244,1802,London,United Kingdom,9.31,9.397999999999996
36245,1803,London,United Kingdom,8.79,9.317999999999994
36246,1804,London,United Kingdom,9.37,9.254999999999995
36247,1805,London,United Kingdom,8.56,9.191999999999997
36248,1806,London,United Kingdom,9.87,9.228999999999996
36249,1807,London,United Kingdom,9.03,9.169999999999996
36250,1808,London,United Kingdom,8.91,9.077999999999996
36251,1809,London,United Kingdom,8.99,9.182999999999996
36252,1810,London,United Kingdom,8.97,9.147999999999996
36253,1811,London,United Kingdom,10.1,9.189999999999994
36254,1812,London,United Kingdom,8.58,9.116999999999994
36255,1813,London,United Kingdom,9.13,9.150999999999993
36256,1814,London,United Kingdom,7.93,9.006999999999994
36257,1815,London,United Kingdom,8.99,9.049999999999994
36258,1816,London,United Kingdom,7.98,8.860999999999994
36259,1817,London,United Kingdom,8.95,8.852999999999993
36260,1818,London,United Kingdom,9.88,8.949999999999992
36261,1819,London,United Kingdom,9.58,9.008999999999993
36262,1820,London,United Kingdom,8.61,8.972999999999994
36263,1821,London,United Kingdom,9.63,8.925999999999993
36264,1822,London,United Kingdom,10.36,9.103999999999994
36265,1823,London,United Kingdom,8.8,9.070999999999994
36266,1824,London,United Kingdom,9.65,9.242999999999995
36267,1825,London,United Kingdom,9.98,9.341999999999995
36268,1826,London,United Kingdom,10.12,9.555999999999996
36269,1827,London,United Kingdom,9.37,9.597999999999995
36270,1828,London,United Kingdom,10.1,9.619999999999996
36271,1829,London,United Kingdom,7.95,9.456999999999997
36272,1830,London,United Kingdom,8.78,9.473999999999997
36273,1831,London,United Kingdom,10.01,9.511999999999997
36274,1832,London,United Kingdom,9.24,9.399999999999997
36275,1833,London,United Kingdom,9.4,9.459999999999997
36276,1834,London,United Kingdom,10.59,9.553999999999998
36277,1835,London,United Kingdom,9.48,9.503999999999998
36278,1836,London,United Kingdom,9.04,9.395999999999997
36279,1837,London,United Kingdom,8.85,9.343999999999998
36280,1838,London,United Kingdom,8.05,9.138999999999998
36281,1839,London,United Kingdom,8.89,9.232999999999997
36282,1840,London,United Kingdom,8.68,9.222999999999995
36283,1841,London,United Kingdom,9.12,9.133999999999997
36284,1842,London,United Kingdom,9.43,9.152999999999995
36285,1843,London,United Kingdom,9.4,9.152999999999995
36286,1844,London,United Kingdom,8.85,8.978999999999996
36287,1845,London,United Kingdom,8.46,8.876999999999994
36288,1846,London,United Kingdom,10.48,9.020999999999995
36289,1847,London,United Kingdom,9.24,9.059999999999995
36290,1848,London,United Kingdom,9.52,9.206999999999995
36291,1849,London,United Kingdom,9.42,9.259999999999994
36292,1850,London,United Kingdom,9.06,9.297999999999996
36293,1851,London,United Kingdom,9.17,9.302999999999995
36294,1852,London,United Kingdom,9.96,9.355999999999995
36295,1853,London,United Kingdom,8.44,9.259999999999994
36296,1854,London,United Kingdom,9.3,9.304999999999994
36297,1855,London,United Kingdom,8.03,9.261999999999995
36298,1856,London,United Kingdom,9.17,9.130999999999995
36299,1857,London,United Kingdom,10.21,9.227999999999996
36300,1858,London,United Kingdom,9.2,9.195999999999996
36301,1859,London,United Kingdom,9.97,9.250999999999996
36302,1860,London,United Kingdom,8.17,9.161999999999995
36303,1861,London,United Kingdom,9.42,9.186999999999996
36304,1862,London,United Kingdom,9.56,9.146999999999997
36305,1863,London,United Kingdom,9.9,9.292999999999997
36306,1864,London,United Kingdom,8.74,9.236999999999998
36307,1865,London,United Kingdom,9.82,9.415999999999997
36308,1866,London,United Kingdom,9.69,9.467999999999996
36309,1867,London,United Kingdom,9.06,9.352999999999998
36310,1868,London,United Kingdom,10.5,9.482999999999997
36311,1869,London,United Kingdom,9.46,9.431999999999997
36312,1870,London,United Kingdom,8.94,9.508999999999997
36313,1871,London,United Kingdom,8.97,9.463999999999995
36314,1872,London,United Kingdom,10.07,9.514999999999995
36315,1873,London,United Kingdom,9.26,9.450999999999995
36316,1874,London,United Kingdom,9.37,9.513999999999996
36317,1875,London,United Kingdom,9.43,9.474999999999998
36318,1876,London,United Kingdom,9.75,9.480999999999998
36319,1877,London,United Kingdom,9.43,9.517999999999997
36320,1878,London,United Kingdom,9.47,9.414999999999997
36321,1879,London,United Kingdom,7.62,9.230999999999998
36322,1880,London,United Kingdom,9.35,9.271999999999997
36323,1881,London,United Kingdom,8.71,9.245999999999999
36324,1882,London,United Kingdom,9.43,9.181999999999999
36325,1883,London,United Kingdom,9.21,9.177
36326,1884,London,United Kingdom,9.86,9.225999999999999
36327,1885,London,United Kingdom,8.68,9.151
36328,1886,London,United Kingdom,8.8,9.056
36329,1887,London,United Kingdom,8.39,8.951999999999998
36330,1888,London,United Kingdom,8.31,8.835999999999999
36331,1889,London,United Kingdom,8.91,8.964999999999998
36332,1890,London,United Kingdom,8.86,8.915999999999999
36333,1891,London,United Kingdom,8.65,8.91
36334,1892,London,United Kingdom,8.35,8.801999999999998
36335,1893,London,United Kingdom,10.05,8.886
36336,1894,London,United Kingdom,9.42,8.841999999999999
36337,1895,London,United Kingdom,8.91,8.864999999999998
36338,1896,London,United Kingdom,9.41,8.925999999999998
36339,1897,London,United Kingdom,9.5,9.036999999999997
36340,1898,London,United Kingdom,10.08,9.213999999999997
36341,1899,London,United Kingdom,9.85,9.307999999999996
36342,1900,London,United Kingdom,9.73,9.394999999999998
36343,1901,London,United Kingdom,9.2,9.449999999999998
36344,1902,London,United Kingdom,8.95,9.509999999999998
36345,1903,London,United Kingdom,9.45,9.45
36346,1904,London,United Kingdom,9.18,9.425999999999998
36347,1905,London,United Kingdom,9.25,9.459999999999997
36348,1906,London,United Kingdom,9.62,9.480999999999998
36349,1907,London,United Kingdom,9.03,9.434
36350,1908,London,United Kingdom,9.31,9.357
36351,1909,London,United Kingdom,8.7,9.242
36352,1910,London,United Kingdom,9.39,9.208
36353,1911,London,United Kingdom,10.22,9.309999999999999
36354,1912,London,United Kingdom,9.57,9.371999999999998
36355,1913,London,United Kingdom,9.89,9.415999999999999
36356,1914,London,United Kingdom,9.98,9.495999999999999
36357,1915,London,United Kingdom,9.07,9.477999999999998
36358,1916,London,United Kingdom,9.28,9.443999999999997
36359,1917,London,United Kingdom,8.65,9.405999999999997
36360,1918,London,United Kingdom,9.6,9.434999999999997
36361,1919,London,United Kingdom,8.48,9.412999999999997
36362,1920,London,United Kingdom,9.67,9.440999999999997
36363,1921,London,United Kingdom,10.6,9.478999999999996
36364,1922,London,United Kingdom,8.81,9.402999999999997
36365,1923,London,United Kingdom,9.17,9.330999999999998
36366,1924,London,United Kingdom,9.34,9.266999999999998
36367,1925,London,United Kingdom,9.31,9.290999999999997
36368,1926,London,United Kingdom,9.83,9.345999999999997
36369,1927,London,United Kingdom,9.25,9.405999999999995
36370,1928,London,United Kingdom,9.69,9.414999999999996
36371,1929,London,United Kingdom,9.09,9.475999999999996
36372,1930,London,United Kingdom,9.7,9.478999999999996
36373,1931,London,United Kingdom,9.12,9.330999999999998
36374,1932,London,United Kingdom,9.57,9.406999999999996
36375,1933,London,United Kingdom,9.96,9.485999999999997
36376,1934,London,United Kingdom,10.11,9.562999999999997
36377,1935,London,United Kingdom,9.9,9.621999999999996
36378,1936,London,United Kingdom,9.43,9.581999999999997
36379,1937,London,United Kingdom,9.69,9.625999999999998
36380,1938,London,United Kingdom,10.18,9.674999999999997
36381,1939,London,United Kingdom,9.77,9.742999999999997
36382,1940,London,United Kingdom,9.06,9.678999999999997
36383,1941,London,United Kingdom,9.09,9.675999999999997
36384,1942,London,United Kingdom,9.1,9.628999999999996
36385,1943,London,United Kingdom,10.19,9.651999999999996
36386,1944,London,United Kingdom,9.62,9.602999999999996
36387,1945,London,United Kingdom,10.39,9.651999999999996
36388,1946,London,United Kingdom,9.58,9.666999999999996
36389,1947,London,United Kingdom,9.75,9.672999999999996
36390,1948,London,United Kingdom,10.16,9.670999999999996
36391,1949,London,United Kingdom,10.63,9.756999999999994
36392,1950,London,United Kingdom,9.75,9.825999999999995
36393,1951,London,United Kingdom,9.52,9.868999999999994
36394,1952,London,United Kingdom,9.35,9.893999999999995
36395,1953,London,United Kingdom,9.95,9.869999999999994
36396,1954,London,United Kingdom,9.35,9.842999999999993
36397,1955,London,United Kingdom,9.39,9.742999999999993
36398,1956,London,United Kingdom,8.87,9.671999999999993
36399,1957,London,United Kingdom,10.26,9.722999999999995
36400,1958,London,United Kingdom,9.66,9.672999999999995
36401,1959,London,United Kingdom,10.63,9.672999999999995
36402,1960,London,United Kingdom,9.88,9.685999999999995
36403,1961,London,United Kingdom,10.2,9.753999999999994
36404,1962,London,United Kingdom,8.65,9.683999999999996
36405,1963,London,United Kingdom,8.48,9.536999999999995
36406,1964,London,United Kingdom,9.53,9.554999999999996
36407,1965,London,United Kingdom,9.03,9.518999999999997
36408,1966,London,United Kingdom,9.59,9.590999999999998
36409,1967,London,United Kingdom,9.81,9.545999999999996
36410,1968,London,United Kingdom,9.48,9.527999999999997
36411,1969,London,United Kingdom,9.47,9.411999999999997
36412,1970,London,United Kingdom,9.69,9.392999999999997
36413,1971,London,United Kingdom,9.89,9.361999999999998
36414,1972,London,United Kingdom,9.41,9.437999999999997
36415,1973,London,United Kingdom,9.75,9.564999999999996
36416,1974,London,United Kingdom,9.7,9.581999999999997
36417,1975,London,United Kingdom,9.99,9.677999999999995
36418,1976,London,United Kingdom,10.28,9.746999999999996
36419,1977,London,United Kingdom,9.69,9.734999999999996
36420,1978,London,United Kingdom,9.41,9.727999999999994
36421,1979,London,United Kingdom,9.06,9.686999999999994
36422,1980,London,United Kingdom,9.54,9.671999999999993
36423,1981,London,United Kingdom,9.38,9.620999999999993
36424,1982,London,United Kingdom,10.07,9.686999999999994
36425,1983,London,United Kingdom,10.12,9.723999999999995
36426,1984,London,United Kingdom,9.75,9.728999999999996
36427,1985,London,United Kingdom,9.0,9.629999999999995
36428,1986,London,United Kingdom,8.94,9.495999999999995
36429,1987,London,United Kingdom,9.22,9.448999999999995
36430,1988,London,United Kingdom,9.82,9.489999999999995
36431,1989,London,United Kingdom,10.76,9.659999999999995
36432,1990,London,United Kingdom,10.94,9.799999999999994
36433,1991,London,United Kingdom,9.67,9.828999999999995
36434,1992,London,United Kingdom,10.15,9.836999999999994
36435,1993,London,United Kingdom,9.69,9.793999999999993
36436,1994,London,United Kingdom,10.48,9.866999999999994
36437,1995,London,United Kingdom,10.55,10.021999999999995
36438,1996,London,United Kingdom,9.27,10.054999999999994
36439,1997,London,United Kingdom,10.64,10.196999999999994
36440,1998,London,United Kingdom,10.4,10.254999999999995
36441,1999,London,United Kingdom,10.86,10.264999999999995
36442,2000,London,United Kingdom,10.52,10.222999999999995
36443,2001,London,United Kingdom,10.18,10.273999999999994
36444,2002,London,United Kingdom,10.91,10.349999999999993
36445,2003,London,United Kingdom,10.81,10.461999999999993
36446,2004,London,United Kingdom,10.77,10.490999999999993
36447,2005,London,United Kingdom,10.63,10.498999999999992
36448,2006,London,United Kingdom,11.1,10.681999999999992
36449,2007,London,United Kingdom,10.83,10.700999999999992
36450,2008,London,United Kingdom,10.38,10.698999999999991
36451,2009,London,United Kingdom,10.52,10.66499999999999
36452,2010,London,United Kingdom,9.38,10.550999999999991
36453,2011,London,United Kingdom,11.19,10.65199999999999
36454,2012,London,United Kingdom,10.0,10.56099999999999
36455,2013,London,United Kingdom,9.91,10.47099999999999
55582,1743,Rome,Italy,8.25,
55583,1744,Rome,Italy,13.27,
55584,1745,Rome,Italy,5.15,
55589,1750,Rome,Italy,12.53,
55590,1751,Rome,Italy,12.99,
55591,1752,Rome,Italy,7.68,
55592,1753,Rome,Italy,11.96,
55593,1754,Rome,Italy,11.79,
55594,1755,Rome,Italy,11.57,
55595,1756,Rome,Italy,12.13,10.732
55596,1757,Rome,Italy,11.8,11.087
55597,1758,Rome,Italy,11.02,10.861999999999998
55598,1759,Rome,Italy,12.12,11.559
55599,1760,Rome,Italy,11.94,11.499999999999998
55600,1761,Rome,Italy,12.21,11.421999999999999
55601,1762,Rome,Italy,11.99,11.852999999999998
55602,1763,Rome,Italy,11.54,11.810999999999996
55603,1764,Rome,Italy,12.18,11.849999999999998
55604,1765,Rome,Italy,12.02,11.895
55605,1766,Rome,Italy,11.86,11.868
55606,1767,Rome,Italy,11.35,11.823
55607,1768,Rome,Italy,10.97,11.818000000000001
55608,1769,Rome,Italy,11.79,11.785000000000002
55609,1770,Rome,Italy,11.76,11.767000000000001
55610,1771,Rome,Italy,11.89,11.735
55611,1772,Rome,Italy,13.32,11.867999999999999
55612,1773,Rome,Italy,11.87,11.901
55613,1774,Rome,Italy,11.97,11.879999999999999
55614,1775,Rome,Italy,12.36,11.913999999999998
55615,1776,Rome,Italy,11.59,11.886999999999997
55616,1777,Rome,Italy,11.5,11.901999999999996
55617,1778,Rome,Italy,12.43,12.047999999999996
55618,1779,Rome,Italy,12.57,12.125999999999996
55619,1780,Rome,Italy,12.31,12.180999999999996
55620,1781,Rome,Italy,12.49,12.240999999999996
55621,1782,Rome,Italy,11.46,12.054999999999996
55622,1783,Rome,Italy,12.18,12.085999999999995
55623,1784,Rome,Italy,11.61,12.049999999999997
55624,1785,Rome,Italy,11.36,11.949999999999996
55625,1786,Rome,Italy,11.51,11.941999999999997
55626,1787,Rome,Italy,12.15,12.006999999999996
55627,1788,Rome,Italy,12.4,12.003999999999996
55628,1789,Rome,Italy,11.62,11.908999999999997
55629,1790,Rome,Italy,12.22,11.899999999999997
55630,1791,Rome,Italy,12.41,11.891999999999998
55631,1792,Rome,Italy,11.97,11.942999999999998
55632,1793,Rome,Italy,11.85,11.909999999999997
55633,1794,Rome,Italy,12.42,11.990999999999996
55634,1795,Rome,Italy,11.76,12.030999999999995
55635,1796,Rome,Italy,12.05,12.084999999999996
55636,1797,Rome,Italy,12.51,12.120999999999995
55637,1798,Rome,Italy,12.2,12.100999999999994
55638,1799,Rome,Italy,11.29,12.067999999999993
55639,1800,Rome,Italy,12.41,12.086999999999993
55640,1801,Rome,Italy,12.64,12.109999999999994
55641,1802,Rome,Italy,12.75,12.187999999999994
55642,1803,Rome,Italy,11.71,12.173999999999996
55643,1804,Rome,Italy,12.22,12.153999999999995
55644,1805,Rome,Italy,10.91,12.068999999999996
55645,1806,Rome,Italy,12.11,12.074999999999996
55646,1807,Rome,Italy,12.29,12.052999999999995
55647,1808,Rome,Italy,10.73,11.905999999999995
55648,1809,Rome,Italy,11.46,11.922999999999996
55649,1810,Rome,Italy,11.83,11.864999999999998
55650,1811,Rome,Italy,12.47,11.847999999999997
55651,1812,Rome,Italy,10.95,11.667999999999997
55652,1813,Rome,Italy,11.38,11.634999999999996
55653,1814,Rome,Italy,10.76,11.488999999999997
55654,1815,Rome,Italy,11.25,11.522999999999998
55655,1816,Rome,Italy,10.59,11.370999999999999
55656,1817,Rome,Italy,11.56,11.297999999999998
55657,1818,Rome,Italy,11.86,11.410999999999998
55658,1819,Rome,Italy,11.87,11.451999999999998
55659,1820,Rome,Italy,11.91,11.459999999999997
55660,1821,Rome,Italy,11.64,11.376999999999999
55661,1822,Rome,Italy,12.75,11.556999999999999
55662,1823,Rome,Italy,11.52,11.570999999999998
55663,1824,Rome,Italy,12.04,11.698999999999996
55664,1825,Rome,Italy,11.88,11.761999999999997
55665,1826,Rome,Italy,11.75,11.877999999999997
55666,1827,Rome,Italy,11.86,11.907999999999998
55667,1828,Rome,Italy,12.26,11.947999999999997
55668,1829,Rome,Italy,10.97,11.857999999999999
55669,1830,Rome,Italy,11.76,11.842999999999998
55670,1831,Rome,Italy,11.95,11.873999999999997
55671,1832,Rome,Italy,11.38,11.736999999999998
55672,1833,Rome,Italy,11.43,11.727999999999998
55673,1834,Rome,Italy,12.27,11.751
55674,1835,Rome,Italy,10.9,11.653
55675,1836,Rome,Italy,11.41,11.619
55676,1837,Rome,Italy,10.76,11.509
55677,1838,Rome,Italy,11.17,11.4
55678,1839,Rome,Italy,11.86,11.489
55679,1840,Rome,Italy,11.46,11.459
55680,1841,Rome,Italy,12.61,11.524999999999999
55681,1842,Rome,Italy,11.42,11.529
55682,1843,Rome,Italy,11.69,11.554999999999998
55683,1844,Rome,Italy,11.67,11.495
55684,1845,Rome,Italy,11.74,11.578999999999997
55685,1846,Rome,Italy,12.81,11.718999999999998
55686,1847,Rome,Italy,11.5,11.792999999999996
55687,1848,Rome,Italy,11.89,11.864999999999997
55688,1849,Rome,Italy,11.69,11.847999999999997
55689,1850,Rome,Italy,10.99,11.800999999999997
55690,1851,Rome,Italy,11.19,11.658999999999995
55691,1852,Rome,Italy,12.01,11.717999999999996
55692,1853,Rome,Italy,11.63,11.711999999999998
55693,1854,Rome,Italy,11.24,11.668999999999999
55694,1855,Rome,Italy,11.44,11.639
55695,1856,Rome,Italy,11.65,11.523
55696,1857,Rome,Italy,11.44,11.517
55697,1858,Rome,Italy,11.06,11.434
55698,1859,Rome,Italy,11.92,11.456999999999999
55699,1860,Rome,Italy,11.31,11.489
55700,1861,Rome,Italy,11.88,11.558
55701,1862,Rome,Italy,12.24,11.581
55702,1863,Rome,Italy,12.48,11.666
55703,1864,Rome,Italy,11.18,11.66
55704,1865,Rome,Italy,12.03,11.719
55705,1866,Rome,Italy,12.01,11.754999999999999
55706,1867,Rome,Italy,12.12,11.822999999999999
55707,1868,Rome,Italy,12.08,11.925
55708,1869,Rome,Italy,11.67,11.899999999999999
55709,1870,Rome,Italy,11.32,11.901
55710,1871,Rome,Italy,11.05,11.818000000000001
55711,1872,Rome,Italy,12.43,11.837000000000002
55712,1873,Rome,Italy,12.08,11.797
55713,1874,Rome,Italy,11.3,11.809000000000001
55714,1875,Rome,Italy,11.25,11.731
55715,1876,Rome,Italy,11.93,11.723
55716,1877,Rome,Italy,11.81,11.691999999999998
55717,1878,Rome,Italy,11.81,11.665
55718,1879,Rome,Italy,11.42,11.639999999999999
55719,1880,Rome,Italy,11.98,11.706
55720,1881,Rome,Italy,11.76,11.777
55721,1882,Rome,Italy,12.18,11.751999999999999
55722,1883,Rome,Italy,11.24,11.668
55723,1884,Rome,Italy,11.29,11.667
55724,1885,Rome,Italy,11.97,11.739
55725,1886,Rome,Italy,11.9,11.736
55726,1887,Rome,Italy,11.53,11.708000000000002
55727,1888,Rome,Italy,11.29,11.656
55728,1889,Rome,Italy,11.28,11.642
55729,1890,Rome,Italy,11.2,11.564
55730,1891,Rome,Italy,11.23,11.511
55731,1892,Rome,Italy,11.87,11.48
55732,1893,Rome,Italy,11.75,11.531000000000002
55733,1894,Rome,Italy,11.77,11.579000000000002
55734,1895,Rome,Italy,11.63,11.545000000000002
55735,1896,Rome,Italy,11.17,11.472000000000001
55736,1897,Rome,Italy,11.9,11.509000000000002
55737,1898,Rome,Italy,12.35,11.615
55738,1899,Rome,Italy,11.87,11.674000000000001
55739,1900,Rome,Italy,12.16,11.77
55740,1901,Rome,Italy,11.44,11.791
55741,1902,Rome,Italy,11.73,11.777000000000001
55742,1903,Rome,Italy,11.76,11.778
55743,1904,Rome,Italy,12.16,11.817
55744,1905,Rome,Italy,11.44,11.798000000000002
55745,1906,Rome,Italy,11.44,11.825000000000001
55746,1907,Rome,Italy,11.61,11.796000000000001
55747,1908,Rome,Italy,11.4,11.701000000000002
55748,1909,Rome,Italy,11.35,11.649000000000001
55749,1910,Rome,Italy,11.59,11.592000000000002
55750,1911,Rome,Italy,12.03,11.651000000000002
55751,1912,Rome,Italy,11.43,11.621000000000002
55752,1913,Rome,Italy,11.8,11.625000000000002
55753,1914,Rome,Italy,11.48,11.557000000000002
55754,1915,Rome,Italy,11.66,11.579000000000002
55755,1916,Rome,Italy,12.27,11.662000000000003
55756,1917,Rome,Italy,11.58,11.659000000000004
55757,1918,Rome,Italy,11.53,11.672000000000002
55758,1919,Rome,Italy,11.39,11.676000000000002
55759,1920,Rome,Italy,12.61,11.778
55760,1921,Rome,Italy,12.11,11.785999999999998
55761,1922,Rome,Italy,11.79,11.821999999999997
55762,1923,Rome,Italy,12.32,11.873999999999997
55763,1924,Rome,Italy,11.94,11.919999999999998
55764,1925,Rome,Italy,11.85,11.938999999999998
55765,1926,Rome,Italy,12.42,11.953999999999997
55766,1927,Rome,Italy,12.79,12.075
55767,1928,Rome,Italy,12.48,12.169999999999998
55768,1929,Rome,Italy,11.7,12.200999999999997
55769,1930,Rome,Italy,12.59,12.198999999999996
55770,1931,Rome,Italy,12.01,12.188999999999997
55771,1932,Rome,Italy,11.87,12.196999999999997
55772,1933,Rome,Italy,11.61,12.126
55773,1934,Rome,Italy,12.56,12.187999999999999
55774,1935,Rome,Italy,12.09,12.212
55775,1936,Rome,Italy,12.26,12.196
55776,1937,Rome,Italy,12.45,12.162
55777,1938,Rome,Italy,11.89,12.102999999999998
55778,1939,Rome,Italy,11.95,12.127999999999998
55779,1940,Rome,Italy,11.05,11.973999999999998
55780,1941,Rome,Italy,11.18,11.890999999999998
55781,1942,Rome,Italy,12.04,11.907999999999998
55782,1943,Rome,Italy,12.99,12.046
55783,1944,Rome,Italy,11.78,11.967999999999998
55784,1945,Rome,Italy,12.48,12.006999999999996
55785,1946,Rome,Italy,12.55,12.035999999999998
55786,1947,Rome,Italy,12.87,12.077999999999996
55787,1948,Rome,Italy,12.34,12.122999999999994
55788,1949,Rome,Italy,12.51,12.178999999999995
55789,1950,Rome,Italy,13.09,12.382999999999994
55790,1951,Rome,Italy,12.66,12.530999999999995
55791,1952,Rome,Italy,12.61,12.587999999999997
55792,1953,Rome,Italy,12.16,12.504999999999997
55793,1954,Rome,Italy,11.65,12.491999999999996
55794,1955,Rome,Italy,12.22,12.465999999999996
55795,1956,Rome,Italy,11.25,12.335999999999997
55796,1957,Rome,Italy,12.27,12.275999999999996
55797,1958,Rome,Italy,12.42,12.283999999999995
55798,1959,Rome,Italy,12.24,12.256999999999994
55799,1960,Rome,Italy,12.39,12.186999999999994
55800,1961,Rome,Italy,12.75,12.195999999999994
55801,1962,Rome,Italy,11.92,12.126999999999994
55802,1963,Rome,Italy,12.04,12.114999999999995
55803,1964,Rome,Italy,12.18,12.167999999999996
55804,1965,Rome,Italy,11.77,12.122999999999996
55805,1966,Rome,Italy,12.24,12.221999999999998
55806,1967,Rome,Italy,12.44,12.238999999999997
55807,1968,Rome,Italy,12.08,12.204999999999997
55808,1969,Rome,Italy,11.92,12.172999999999998
55809,1970,Rome,Italy,12.22,12.155999999999999
55810,1971,Rome,Italy,11.9,12.070999999999998
55811,1972,Rome,Italy,11.95,12.073999999999996
55812,1973,Rome,Italy,11.91,12.060999999999998
55813,1974,Rome,Italy,11.94,12.036999999999997
55814,1975,Rome,Italy,12.06,12.065999999999999
55815,1976,Rome,Italy,11.57,11.998999999999999
55816,1977,Rome,Italy,12.26,11.981
55817,1978,Rome,Italy,11.51,11.924
55818,1979,Rome,Italy,12.14,11.946
55819,1980,Rome,Italy,11.29,11.853
55820,1981,Rome,Italy,12.03,11.866
55821,1982,Rome,Italy,12.74,11.945
55822,1983,Rome,Italy,12.3,11.984
55823,1984,Rome,Italy,11.6,11.95
55824,1985,Rome,Italy,12.43,11.987
55825,1986,Rome,Italy,12.26,12.056000000000001
55826,1987,Rome,Italy,12.44,12.074
55827,1988,Rome,Italy,12.72,12.195
55828,1989,Rome,Italy,12.39,12.22
55829,1990,Rome,Italy,12.83,12.374
55830,1991,Rome,Italy,12.05,12.376000000000001
55831,1992,Rome,Italy,12.89,12.391000000000004
55832,1993,Rome,Italy,12.71,12.432000000000004
55833,1994,Rome,Italy,13.53,12.625000000000004
55834,1995,Rome,Italy,12.47,12.629000000000001
55835,1996,Rome,Italy,12.28,12.631000000000002
55836,1997,Rome,Italy,13.13,12.700000000000003
55837,1998,Rome,Italy,12.96,12.724000000000004
55838,1999,Rome,Italy,12.95,12.780000000000003
55839,2000,Rome,Italy,13.42,12.839000000000002
55840,2001,Rome,Italy,13.23,12.956999999999999
55841,2002,Rome,Italy,13.14,12.982
55842,2003,Rome,Italy,13.62,13.072999999999999
55843,2004,Rome,Italy,12.75,12.995
55844,2005,Rome,Italy,12.16,12.963999999999999
55845,2006,Rome,Italy,12.87,13.023
55846,2007,Rome,Italy,13.32,13.041999999999998
55847,2008,Rome,Italy,13.01,13.046999999999997
55848,2009,Rome,Italy,13.28,13.079999999999998
55849,2010,Rome,Italy,12.63,13.001
55850,2011,Rome,Italy,13.46,13.024000000000001
55851,2012,Rome,Italy,13.45,13.055000000000001
55852,2013,Rome,Italy,13.6,13.053
